volunteer_id,age_group,region,join_date,chapter_id
VOL_10000,18-22,North,2025-09-29,CH_01
VOL_10001,23-30,East,2025-01-11,CH_03
VOL_10002,18-22,North,2025-04-27,CH_05
VOL_10003,18-22,East,2025-04-05,CH_03
VOL_10004,31-45,West,2025-11-10,CH_04
VOL_10005,23-30,North,2025-10-15,CH_05
VOL_10006,46+,North,2026-01-15,CH_05
VOL_10007,18-22,South,2025-02-06,CH_02
VOL_10008,31-45,West,2025-06-29,CH_04
VOL_10009,18-22,North,2025-01-13,CH_01
VOL_10010,23-30,South,2025-04-03,CH_02
VOL_10011,23-30,West,2025-08-03,CH_04
VOL_10012,18-22,South,2025-01-12,CH_02
VOL_10013,18-22,South,2025-03-26,CH_02
VOL_10014,31-45,West,2025-10-04,CH_04
VOL_10015,46+,South,2025-08-20,CH_02
VOL_10016,18-22,North,2025-04-04,CH_05
VOL_10017,31-45,North,2025-09-08,CH_01
VOL_10018,18-22,East,2025-12-11,CH_03
VOL_10019,18-22,East,2025-01-03,CH_03
VOL_10020,46+,West,2025-12-09,CH_04
VOL_10021,18-22,East,2025-10-24,CH_03
VOL_10022,18-22,South,2025-05-25,CH_02
VOL_10023,23-30,South,2025-03-08,CH_02
VOL_10024,46+,East,2026-02-11,CH_03
VOL_10025,18-22,West,2025-05-24,CH_04
VOL_10026,23-30,East,2025-02-09,CH_03
VOL_10027,23-30,North,2025-02-11,CH_01
VOL_10028,46+,South,2025-12-27,CH_02
VOL_10029,31-45,North,2025-09-14,CH_05
VOL_10030,18-22,North,2025-12-10,CH_01
VOL_10031,18-22,North,2025-11-07,CH_05
VOL_10032,46+,South,2025-08-16,CH_02
VOL_10033,18-22,South,2026-02-18,CH_02
VOL_10034,46+,North,2025-06-10,CH_01
VOL_10035,23-30,North,2025-08-23,CH_05
VOL_10036,18-22,West,2025-12-19,CH_04
VOL_10037,23-30,West,2025-09-20,CH_04
VOL_10038,23-30,North,2026-01-02,CH_01
VOL_10039,18-22,North,2025-09-03,CH_05
VOL_10040,23-30,North,2025-10-27,CH_01
VOL_10041,18-22,North,2025-01-20,CH_01
VOL_10042,31-45,North,2025-04-07,CH_05
VOL_10043,18-22,East,2025-05-03,CH_03
VOL_10044,18-22,North,2025-02-03,CH_05
VOL_10045,23-30,North,2025-04-09,CH_05
VOL_10046,46+,South,2025-02-12,CH_02
VOL_10047,18-22,West,2025-04-29,CH_04
VOL_10048,23-30,North,2025-09-28,CH_01
VOL_10049,18-22,East,2025-06-05,CH_03
VOL_10050,18-22,South,2025-06-07,CH_02
VOL_10051,18-22,South,2025-03-31,CH_02
VOL_10052,23-30,South,2025-04-24,CH_02
VOL_10053,18-22,North,2026-02-03,CH_01
VOL_10054,18-22,North,2025-10-03,CH_05
VOL_10055,23-30,South,2025-09-16,CH_02
VOL_10056,18-22,North,2025-03-14,CH_05
VOL_10057,23-30,South,2025-11-06,CH_02
VOL_10058,18-22,North,2025-03-11,CH_01
VOL_10059,31-45,North,2025-06-11,CH_01
VOL_10060,23-30,East,2026-02-25,CH_03
VOL_10061,23-30,North,2025-09-29,CH_01
VOL_10062,23-30,North,2025-08-25,CH_05
VOL_10063,23-30,West,2025-10-18,CH_04
VOL_10064,46+,North,2025-12-25,CH_01
VOL_10065,18-22,South,2025-11-26,CH_02
VOL_10066,23-30,North,2025-04-08,CH_05
VOL_10067,46+,West,2025-01-14,CH_04
VOL_10068,18-22,North,2025-05-15,CH_05
VOL_10069,23-30,North,2025-04-24,CH_05
VOL_10070,18-22,South,2025-03-31,CH_02
VOL_10071,18-22,North,2026-02-05,CH_01
VOL_10072,18-22,West,2026-01-08,CH_04
VOL_10073,18-22,East,2025-05-14,CH_03
VOL_10074,31-45,South,2025-10-06,CH_02
VOL_10075,18-22,North,2025-06-18,CH_05
VOL_10076,18-22,South,2026-01-24,CH_02
VOL_10077,18-22,East,2025-07-15,CH_03
VOL_10078,46+,East,2025-04-23,CH_03
VOL_10079,18-22,North,2025-04-15,CH_01
VOL_10080,18-22,East,2025-08-27,CH_03
VOL_10081,18-22,North,2025-04-22,CH_05
VOL_10082,18-22,East,2025-09-06,CH_03
VOL_10083,18-22,East,2026-01-17,CH_03
VOL_10084,23-30,East,2025-06-19,CH_03
VOL_10085,23-30,East,2025-04-04,CH_03
VOL_10086,18-22,West,2026-02-28,CH_04
VOL_10087,18-22,East,2025-08-05,CH_03
VOL_10088,18-22,South,2025-02-08,CH_02
VOL_10089,18-22,West,2025-01-21,CH_04
VOL_10090,18-22,North,2025-02-16,CH_05
VOL_10091,18-22,North,2025-09-24,CH_05
VOL_10092,18-22,South,2025-12-03,CH_02
VOL_10093,31-45,North,2025-06-29,CH_01
VOL_10094,18-22,South,2025-01-27,CH_02
VOL_10095,23-30,West,2025-06-12,CH_04
VOL_10096,23-30,East,2026-02-28,CH_03
VOL_10097,18-22,North,2025-08-13,CH_01
VOL_10098,31-45,North,2026-02-17,CH_01
VOL_10099,46+,North,2026-01-01,CH_01
VOL_10100,18-22,South,2025-01-05,CH_02
VOL_10101,31-45,West,2025-11-03,CH_04
VOL_10102,31-45,North,2025-10-17,CH_01
VOL_10103,23-30,East,2025-08-17,CH_03
VOL_10104,31-45,North,2025-04-24,CH_01
VOL_10105,18-22,East,2025-09-30,CH_03
VOL_10106,18-22,West,2025-02-17,CH_04
VOL_10107,46+,North,2025-07-04,CH_05
VOL_10108,46+,West,2025-07-12,CH_04
VOL_10109,23-30,North,2026-02-10,CH_01
VOL_10110,31-45,North,2026-01-08,CH_01
VOL_10111,18-22,North,2025-04-22,CH_01
VOL_10112,46+,North,2025-08-01,CH_01
VOL_10113,18-22,East,2025-03-17,CH_03
VOL_10114,46+,North,2026-01-23,CH_05
VOL_10115,18-22,South,2026-01-05,CH_02
VOL_10116,18-22,East,2025-05-07,CH_03
VOL_10117,18-22,South,2025-09-29,CH_02
VOL_10118,23-30,North,2025-09-16,CH_01
VOL_10119,31-45,South,2025-03-06,CH_02
VOL_10120,23-30,West,2025-11-21,CH_04
VOL_10121,18-22,South,2025-08-18,CH_02
VOL_10122,18-22,West,2025-11-27,CH_04
VOL_10123,18-22,West,2025-08-14,CH_04
VOL_10124,18-22,North,2025-01-01,CH_01
VOL_10125,18-22,North,2025-05-18,CH_01
VOL_10126,18-22,North,2025-01-09,CH_01
VOL_10127,23-30,North,2026-01-30,CH_01
VOL_10128,18-22,West,2026-01-09,CH_04
VOL_10129,23-30,South,2025-12-20,CH_02
VOL_10130,18-22,South,2025-05-11,CH_02
VOL_10131,23-30,North,2025-01-25,CH_01
VOL_10132,46+,East,2026-01-09,CH_03
VOL_10133,18-22,South,2026-02-07,CH_02
VOL_10134,46+,West,2025-02-06,CH_04
VOL_10135,18-22,South,2025-07-26,CH_02
VOL_10136,46+,West,2025-01-30,CH_04
VOL_10137,18-22,South,2025-11-20,CH_02
VOL_10138,18-22,South,2025-11-22,CH_02
VOL_10139,18-22,East,2025-02-24,CH_03
VOL_10140,18-22,South,2025-07-21,CH_02
VOL_10141,18-22,East,2025-08-22,CH_03
VOL_10142,46+,North,2025-04-23,CH_05
VOL_10143,31-45,West,2026-01-06,CH_04
VOL_10144,46+,East,2025-06-29,CH_03
VOL_10145,18-22,North,2025-04-01,CH_01
VOL_10146,46+,North,2025-08-18,CH_01
VOL_10147,23-30,West,2025-11-07,CH_04
VOL_10148,46+,East,2025-03-27,CH_03
VOL_10149,46+,North,2025-05-13,CH_01
VOL_10150,46+,North,2026-02-27,CH_05
VOL_10151,46+,North,2025-10-04,CH_01
VOL_10152,23-30,East,2025-07-06,CH_03
VOL_10153,31-45,North,2025-08-08,CH_05
VOL_10154,23-30,West,2025-02-21,CH_04
VOL_10155,23-30,West,2025-04-06,CH_04
VOL_10156,18-22,North,2025-05-24,CH_01
VOL_10157,18-22,West,2025-09-08,CH_04
VOL_10158,31-45,West,2025-04-08,CH_04
VOL_10159,23-30,West,2025-04-04,CH_04
VOL_10160,31-45,North,2025-01-31,CH_01
VOL_10161,31-45,West,2025-09-26,CH_04
VOL_10162,23-30,West,2025-04-08,CH_04
VOL_10163,23-30,East,2026-01-20,CH_03
VOL_10164,31-45,North,2026-01-01,CH_01
VOL_10165,23-30,South,2025-01-31,CH_02
VOL_10166,18-22,East,2025-04-12,CH_03
VOL_10167,31-45,East,2025-10-12,CH_03
VOL_10168,18-22,West,2025-04-02,CH_04
VOL_10169,23-30,West,2025-02-26,CH_04
VOL_10170,18-22,East,2026-02-02,CH_03
VOL_10171,31-45,North,2025-08-31,CH_05
VOL_10172,18-22,East,2025-07-20,CH_03
VOL_10173,18-22,South,2025-11-30,CH_02
VOL_10174,18-22,East,2025-12-10,CH_03
VOL_10175,46+,West,2025-03-22,CH_04
VOL_10176,31-45,North,2025-02-11,CH_01
VOL_10177,18-22,South,2025-07-03,CH_02
VOL_10178,18-22,East,2025-06-30,CH_03
VOL_10179,23-30,East,2025-07-18,CH_03
VOL_10180,18-22,North,2025-11-06,CH_05
VOL_10181,18-22,North,2025-10-14,CH_01
VOL_10182,18-22,North,2026-02-23,CH_01
VOL_10183,46+,West,2025-02-11,CH_04
VOL_10184,23-30,North,2025-06-21,CH_01
VOL_10185,31-45,North,2025-05-25,CH_05
VOL_10186,31-45,North,2026-01-02,CH_01
VOL_10187,23-30,East,2025-04-16,CH_03
VOL_10188,46+,North,2025-03-22,CH_05
VOL_10189,31-45,South,2025-07-10,CH_02
VOL_10190,46+,West,2025-06-29,CH_04
VOL_10191,31-45,East,2025-04-29,CH_03
VOL_10192,18-22,North,2025-04-17,CH_05
VOL_10193,18-22,North,2026-01-28,CH_01
VOL_10194,31-45,West,2025-07-08,CH_04
VOL_10195,31-45,North,2026-01-02,CH_05
VOL_10196,23-30,East,2025-08-22,CH_03
VOL_10197,18-22,North,2025-01-22,CH_01
VOL_10198,18-22,North,2026-03-01,CH_05
VOL_10199,18-22,North,2025-12-22,CH_05
VOL_10200,46+,West,2026-02-16,CH_04
VOL_10201,18-22,East,2026-01-29,CH_03
VOL_10202,18-22,North,2025-12-27,CH_05
VOL_10203,18-22,East,2025-03-12,CH_03
VOL_10204,23-30,North,2025-07-26,CH_01
VOL_10205,23-30,South,2025-04-01,CH_02
VOL_10206,46+,North,2025-06-20,CH_05
VOL_10207,18-22,South,2025-01-25,CH_02
VOL_10208,23-30,East,2025-06-11,CH_03
VOL_10209,46+,North,2026-02-23,CH_05
VOL_10210,31-45,East,2025-04-23,CH_03
VOL_10211,18-22,North,2025-11-30,CH_05
VOL_10212,18-22,North,2025-07-13,CH_01
VOL_10213,18-22,North,2025-06-29,CH_01
VOL_10214,18-22,North,2026-02-11,CH_05
VOL_10215,18-22,West,2026-02-28,CH_04
VOL_10216,18-22,North,2025-08-25,CH_01
VOL_10217,18-22,East,2025-11-02,CH_03
VOL_10218,18-22,North,2025-03-07,CH_05
VOL_10219,31-45,South,2025-05-07,CH_02
VOL_10220,18-22,South,2026-02-16,CH_02
VOL_10221,23-30,West,2025-09-04,CH_04
VOL_10222,18-22,North,2025-08-19,CH_01
VOL_10223,18-22,West,2025-11-14,CH_04
VOL_10224,46+,North,2025-01-25,CH_05
VOL_10225,31-45,West,2025-09-06,CH_04
VOL_10226,23-30,North,2025-08-02,CH_05
VOL_10227,18-22,South,2025-12-29,CH_02
VOL_10228,23-30,East,2025-03-08,CH_03
VOL_10229,18-22,East,2026-02-13,CH_03
VOL_10230,23-30,North,2025-02-04,CH_05
VOL_10231,18-22,South,2025-03-20,CH_02
VOL_10232,46+,North,2025-09-10,CH_05
VOL_10233,31-45,South,2025-10-14,CH_02
VOL_10234,18-22,East,2025-04-10,CH_03
VOL_10235,18-22,South,2025-02-20,CH_02
VOL_10236,18-22,North,2026-01-14,CH_05
VOL_10237,23-30,North,2025-04-15,CH_01
VOL_10238,23-30,North,2025-09-10,CH_01
VOL_10239,23-30,East,2025-09-21,CH_03
VOL_10240,18-22,West,2025-06-28,CH_04
VOL_10241,18-22,North,2025-09-06,CH_05
VOL_10242,23-30,North,2025-08-11,CH_05
VOL_10243,31-45,East,2026-02-02,CH_03
VOL_10244,18-22,West,2025-03-28,CH_04
VOL_10245,31-45,North,2025-11-01,CH_01
VOL_10246,46+,East,2025-04-12,CH_03
VOL_10247,18-22,West,2025-06-18,CH_04
VOL_10248,31-45,West,2025-10-13,CH_04
VOL_10249,46+,South,2025-05-08,CH_02
VOL_10250,31-45,South,2025-05-15,CH_02
VOL_10251,18-22,North,2025-11-16,CH_05
VOL_10252,31-45,North,2025-01-31,CH_05
VOL_10253,46+,East,2025-07-14,CH_03
VOL_10254,18-22,West,2026-03-01,CH_04
VOL_10255,46+,West,2026-02-28,CH_04
VOL_10256,31-45,North,2025-02-01,CH_05
VOL_10257,18-22,East,2025-04-01,CH_03
VOL_10258,23-30,West,2025-04-23,CH_04
VOL_10259,23-30,West,2026-02-01,CH_04
VOL_10260,18-22,North,2026-01-10,CH_05
VOL_10261,46+,North,2026-01-09,CH_01
VOL_10262,18-22,North,2025-06-07,CH_05
VOL_10263,18-22,East,2025-03-09,CH_03
VOL_10264,46+,West,2025-12-21,CH_04
VOL_10265,18-22,West,2025-10-27,CH_04
VOL_10266,31-45,West,2025-09-17,CH_04
VOL_10267,18-22,East,2026-02-24,CH_03
VOL_10268,46+,West,2025-10-05,CH_04
VOL_10269,18-22,North,2025-01-04,CH_01
VOL_10270,18-22,North,2025-12-14,CH_01
VOL_10271,18-22,East,2025-05-08,CH_03
VOL_10272,46+,North,2025-10-09,CH_01
VOL_10273,18-22,North,2026-02-04,CH_01
VOL_10274,23-30,South,2025-02-27,CH_02
VOL_10275,31-45,South,2025-02-19,CH_02
VOL_10276,23-30,West,2025-02-15,CH_04
VOL_10277,18-22,South,2025-08-24,CH_02
VOL_10278,18-22,South,2025-04-26,CH_02
VOL_10279,18-22,West,2025-09-15,CH_04
VOL_10280,46+,North,2025-11-01,CH_05
VOL_10281,23-30,East,2025-03-28,CH_03
VOL_10282,18-22,West,2025-09-27,CH_04
VOL_10283,18-22,South,2025-04-23,CH_02
VOL_10284,46+,East,2025-07-27,CH_03
VOL_10285,18-22,East,2026-01-20,CH_03
VOL_10286,23-30,West,2025-12-26,CH_04
VOL_10287,46+,West,2025-02-09,CH_04
VOL_10288,31-45,North,2025-06-30,CH_05
VOL_10289,18-22,South,2025-04-28,CH_02
VOL_10290,18-22,East,2025-01-02,CH_03
VOL_10291,46+,South,2025-11-24,CH_02
VOL_10292,46+,East,2025-09-28,CH_03
VOL_10293,31-45,East,2025-04-22,CH_03
VOL_10294,46+,North,2025-11-12,CH_05
VOL_10295,31-45,West,2025-08-23,CH_04
VOL_10296,31-45,South,2025-07-01,CH_02
VOL_10297,23-30,South,2025-01-05,CH_02
VOL_10298,18-22,North,2025-02-01,CH_05
VOL_10299,46+,North,2026-01-11,CH_01
VOL_10300,23-30,North,2026-01-20,CH_05
VOL_10301,18-22,North,2025-08-20,CH_05
VOL_10302,18-22,East,2025-12-21,CH_03
VOL_10303,18-22,North,2025-09-05,CH_01
VOL_10304,18-22,West,2025-03-04,CH_04
VOL_10305,18-22,West,2025-02-24,CH_04
VOL_10306,46+,East,2025-05-12,CH_03
VOL_10307,23-30,North,2026-01-18,CH_01
VOL_10308,18-22,North,2025-12-05,CH_01
VOL_10309,18-22,South,2026-01-01,CH_02
VOL_10310,31-45,East,2026-01-18,CH_03
VOL_10311,31-45,West,2025-03-31,CH_04
VOL_10312,18-22,North,2025-04-17,CH_05
VOL_10313,18-22,East,2025-02-13,CH_03
VOL_10314,31-45,West,2025-11-28,CH_04
VOL_10315,46+,South,2026-01-11,CH_02
VOL_10316,23-30,North,2025-06-22,CH_05
VOL_10317,18-22,North,2025-09-21,CH_05
VOL_10318,18-22,South,2025-03-07,CH_02
VOL_10319,18-22,North,2026-01-31,CH_05
VOL_10320,18-22,North,2026-01-03,CH_05
VOL_10321,18-22,South,2026-02-19,CH_02
VOL_10322,18-22,North,2025-12-11,CH_05
VOL_10323,23-30,North,2026-01-10,CH_01
VOL_10324,23-30,North,2025-01-11,CH_05
VOL_10325,18-22,West,2025-11-10,CH_04
VOL_10326,18-22,East,2025-05-22,CH_03
VOL_10327,31-45,South,2026-01-31,CH_02
VOL_10328,18-22,North,2025-12-07,CH_05
VOL_10329,18-22,East,2026-01-03,CH_03
VOL_10330,18-22,North,2025-12-11,CH_05
VOL_10331,18-22,North,2025-04-24,CH_01
VOL_10332,18-22,North,2025-12-01,CH_05
VOL_10333,18-22,West,2025-02-15,CH_04
VOL_10334,18-22,South,2026-01-06,CH_02
VOL_10335,46+,South,2025-12-31,CH_02
VOL_10336,31-45,West,2025-04-05,CH_04
VOL_10337,18-22,North,2025-12-14,CH_01
VOL_10338,23-30,West,2025-07-15,CH_04
VOL_10339,23-30,North,2025-05-10,CH_05
VOL_10340,31-45,West,2025-12-05,CH_04
VOL_10341,23-30,East,2025-04-07,CH_03
VOL_10342,18-22,North,2025-01-11,CH_05
VOL_10343,18-22,South,2025-03-24,CH_02
VOL_10344,18-22,South,2025-05-20,CH_02
VOL_10345,18-22,East,2026-01-03,CH_03
VOL_10346,18-22,East,2026-02-15,CH_03
VOL_10347,46+,East,2025-04-29,CH_03
VOL_10348,18-22,North,2025-09-30,CH_01
VOL_10349,46+,South,2025-06-19,CH_02
VOL_10350,46+,West,2026-02-21,CH_04
VOL_10351,18-22,North,2025-08-16,CH_01
VOL_10352,18-22,East,2026-02-04,CH_03
VOL_10353,31-45,North,2025-02-19,CH_01
VOL_10354,46+,West,2026-02-17,CH_04
VOL_10355,31-45,West,2025-03-17,CH_04
VOL_10356,23-30,South,2026-02-14,CH_02
VOL_10357,18-22,West,2025-04-23,CH_04
VOL_10358,31-45,North,2025-02-16,CH_05
VOL_10359,18-22,North,2025-07-04,CH_01
VOL_10360,18-22,South,2025-11-06,CH_02
VOL_10361,31-45,West,2025-05-14,CH_04
VOL_10362,18-22,West,2025-09-15,CH_04
VOL_10363,23-30,East,2025-08-06,CH_03
VOL_10364,46+,North,2025-06-13,CH_05
VOL_10365,18-22,North,2025-09-03,CH_05
VOL_10366,18-22,East,2025-04-19,CH_03
VOL_10367,23-30,East,2025-10-29,CH_03
VOL_10368,18-22,North,2025-01-01,CH_05
VOL_10369,18-22,North,2026-01-29,CH_05
VOL_10370,18-22,North,2025-08-17,CH_05
VOL_10371,46+,North,2025-11-02,CH_05
VOL_10372,31-45,South,2025-11-12,CH_02
VOL_10373,23-30,East,2025-10-13,CH_03
VOL_10374,18-22,West,2025-06-04,CH_04
VOL_10375,23-30,West,2025-01-30,CH_04
VOL_10376,46+,West,2025-10-10,CH_04
VOL_10377,31-45,West,2025-05-21,CH_04
VOL_10378,31-45,East,2025-05-14,CH_03
VOL_10379,18-22,West,2025-12-27,CH_04
VOL_10380,18-22,South,2025-11-02,CH_02
VOL_10381,31-45,North,2025-05-08,CH_01
VOL_10382,23-30,East,2025-05-12,CH_03
VOL_10383,18-22,North,2025-06-23,CH_01
VOL_10384,23-30,West,2025-06-21,CH_04
VOL_10385,18-22,North,2025-05-06,CH_05
VOL_10386,18-22,West,2025-02-24,CH_04
VOL_10387,46+,West,2025-06-28,CH_04
VOL_10388,18-22,East,2026-02-04,CH_03
VOL_10389,31-45,South,2025-10-15,CH_02
VOL_10390,18-22,South,2026-01-19,CH_02
VOL_10391,18-22,North,2025-09-19,CH_05
VOL_10392,18-22,West,2025-05-08,CH_04
VOL_10393,46+,West,2025-08-21,CH_04
VOL_10394,46+,South,2025-01-01,CH_02
VOL_10395,18-22,East,2025-05-02,CH_03
VOL_10396,46+,West,2025-07-02,CH_04
VOL_10397,23-30,North,2025-09-04,CH_05
VOL_10398,18-22,West,2025-10-06,CH_04
VOL_10399,18-22,East,2025-07-17,CH_03
VOL_10400,31-45,North,2025-07-07,CH_05
VOL_10401,18-22,West,2025-04-01,CH_04
VOL_10402,18-22,West,2025-07-21,CH_04
VOL_10403,23-30,East,2026-01-19,CH_03
VOL_10404,18-22,North,2025-12-05,CH_05
VOL_10405,18-22,West,2025-03-14,CH_04
VOL_10406,46+,West,2025-02-06,CH_04
VOL_10407,18-22,West,2025-08-08,CH_04
VOL_10408,18-22,South,2025-09-26,CH_02
VOL_10409,23-30,North,2025-05-23,CH_01
VOL_10410,18-22,West,2025-12-14,CH_04
VOL_10411,23-30,North,2025-11-16,CH_01
VOL_10412,23-30,East,2025-10-13,CH_03
VOL_10413,18-22,East,2025-04-06,CH_03
VOL_10414,18-22,North,2025-03-26,CH_05
VOL_10415,31-45,North,2025-01-11,CH_01
VOL_10416,23-30,East,2025-04-15,CH_03
VOL_10417,46+,South,2025-07-21,CH_02
VOL_10418,23-30,North,2025-12-28,CH_05
VOL_10419,18-22,East,2025-01-31,CH_03
VOL_10420,18-22,South,2025-06-26,CH_02
VOL_10421,23-30,South,2025-09-25,CH_02
VOL_10422,31-45,South,2025-03-24,CH_02
VOL_10423,18-22,South,2025-10-23,CH_02
VOL_10424,46+,East,2025-07-30,CH_03
VOL_10425,23-30,North,2025-04-14,CH_05
VOL_10426,18-22,North,2025-10-06,CH_01
VOL_10427,31-45,East,2025-01-03,CH_03
VOL_10428,46+,North,2025-11-16,CH_01
VOL_10429,46+,South,2025-11-24,CH_02
VOL_10430,18-22,West,2025-02-15,CH_04
VOL_10431,18-22,North,2025-06-30,CH_01
VOL_10432,31-45,South,2025-03-16,CH_02
VOL_10433,23-30,West,2026-02-12,CH_04
VOL_10434,18-22,North,2025-08-09,CH_01
VOL_10435,46+,North,2025-01-22,CH_01
VOL_10436,46+,South,2025-04-16,CH_02
VOL_10437,18-22,North,2025-12-27,CH_05
VOL_10438,18-22,West,2025-07-13,CH_04
VOL_10439,46+,North,2025-12-07,CH_05
VOL_10440,18-22,North,2025-10-11,CH_01
VOL_10441,23-30,South,2026-02-24,CH_02
VOL_10442,23-30,West,2025-09-11,CH_04
VOL_10443,18-22,North,2026-02-08,CH_05
VOL_10444,31-45,South,2026-01-14,CH_02
VOL_10445,18-22,South,2025-09-18,CH_02
VOL_10446,18-22,West,2025-11-02,CH_04
VOL_10447,46+,East,2025-08-03,CH_03
VOL_10448,18-22,North,2025-12-19,CH_01
VOL_10449,18-22,North,2025-08-21,CH_01
VOL_10450,46+,North,2026-01-17,CH_01
VOL_10451,23-30,West,2025-11-13,CH_04
VOL_10452,23-30,East,2025-07-21,CH_03
VOL_10453,23-30,East,2025-04-21,CH_03
VOL_10454,18-22,West,2025-04-16,CH_04
VOL_10455,23-30,West,2025-09-29,CH_04
VOL_10456,18-22,East,2025-11-22,CH_03
VOL_10457,31-45,South,2025-08-10,CH_02
VOL_10458,18-22,East,2025-09-24,CH_03
VOL_10459,23-30,North,2025-04-27,CH_05
VOL_10460,18-22,West,2025-02-02,CH_04
VOL_10461,18-22,East,2025-05-02,CH_03
VOL_10462,23-30,North,2025-04-26,CH_05
VOL_10463,46+,West,2025-05-16,CH_04
VOL_10464,18-22,South,2025-08-18,CH_02
VOL_10465,31-45,North,2025-02-28,CH_01
VOL_10466,46+,North,2025-04-09,CH_01
VOL_10467,18-22,North,2025-10-22,CH_01
VOL_10468,18-22,East,2025-10-28,CH_03
VOL_10469,18-22,East,2025-01-28,CH_03
VOL_10470,31-45,North,2025-06-23,CH_05
VOL_10471,46+,North,2025-08-19,CH_05
VOL_10472,23-30,West,2025-06-26,CH_04
VOL_10473,18-22,East,2025-03-29,CH_03
VOL_10474,46+,South,2025-06-28,CH_02
VOL_10475,23-30,North,2026-01-20,CH_01
VOL_10476,18-22,North,2025-09-06,CH_05
VOL_10477,18-22,North,2025-10-23,CH_05
VOL_10478,23-30,East,2025-12-31,CH_03
VOL_10479,31-45,North,2025-11-22,CH_05
VOL_10480,18-22,East,2025-06-11,CH_03
VOL_10481,46+,West,2025-01-03,CH_04
VOL_10482,23-30,West,2025-05-30,CH_04
VOL_10483,31-45,East,2025-11-17,CH_03
VOL_10484,31-45,North,2025-12-29,CH_01
VOL_10485,46+,North,2026-02-10,CH_01
VOL_10486,46+,North,2025-06-28,CH_01
VOL_10487,18-22,North,2025-11-14,CH_01
VOL_10488,18-22,South,2025-08-21,CH_02
VOL_10489,18-22,South,2025-09-14,CH_02
VOL_10490,23-30,North,2025-04-04,CH_05
VOL_10491,18-22,East,2025-04-04,CH_03
VOL_10492,18-22,South,2025-07-05,CH_02
VOL_10493,18-22,South,2025-01-13,CH_02
VOL_10494,18-22,South,2025-05-23,CH_02
VOL_10495,46+,East,2025-10-16,CH_03
VOL_10496,46+,South,2025-06-21,CH_02
VOL_10497,23-30,South,2025-03-12,CH_02
VOL_10498,23-30,North,2025-07-18,CH_05
VOL_10499,23-30,North,2025-02-24,CH_05
VOL_10500,23-30,West,2025-09-22,CH_04
VOL_10501,18-22,South,2025-01-12,CH_02
VOL_10502,18-22,East,2025-06-17,CH_03
VOL_10503,46+,West,2025-08-28,CH_04
VOL_10504,18-22,North,2025-01-12,CH_01
VOL_10505,18-22,East,2025-10-01,CH_03
VOL_10506,18-22,South,2025-02-27,CH_02
VOL_10507,23-30,North,2025-07-16,CH_05
VOL_10508,18-22,South,2025-01-22,CH_02
VOL_10509,23-30,South,2025-06-11,CH_02
VOL_10510,31-45,West,2025-03-31,CH_04
VOL_10511,18-22,East,2025-05-19,CH_03
VOL_10512,31-45,North,2025-11-20,CH_05
VOL_10513,23-30,North,2025-06-11,CH_01
VOL_10514,18-22,East,2025-11-16,CH_03
VOL_10515,18-22,East,2025-12-20,CH_03
VOL_10516,18-22,North,2025-04-18,CH_05
VOL_10517,18-22,North,2025-02-04,CH_01
VOL_10518,31-45,South,2025-01-09,CH_02
VOL_10519,18-22,East,2025-08-18,CH_03
VOL_10520,18-22,North,2026-03-01,CH_05
VOL_10521,18-22,East,2025-05-29,CH_03
VOL_10522,31-45,North,2025-10-04,CH_05
VOL_10523,18-22,North,2025-11-29,CH_05
VOL_10524,46+,North,2025-10-04,CH_05
VOL_10525,18-22,West,2025-11-17,CH_04
VOL_10526,23-30,North,2026-02-08,CH_01
VOL_10527,18-22,East,2025-03-26,CH_03
VOL_10528,23-30,North,2025-01-09,CH_01
VOL_10529,46+,North,2025-03-06,CH_05
VOL_10530,18-22,South,2025-02-23,CH_02
VOL_10531,23-30,South,2025-10-12,CH_02
VOL_10532,46+,North,2025-08-28,CH_01
VOL_10533,18-22,North,2025-04-03,CH_05
VOL_10534,46+,West,2025-10-25,CH_04
VOL_10535,18-22,West,2025-11-22,CH_04
VOL_10536,31-45,East,2025-03-13,CH_03
VOL_10537,18-22,West,2025-09-16,CH_04
VOL_10538,18-22,North,2025-11-14,CH_05
VOL_10539,31-45,South,2025-02-18,CH_02
VOL_10540,46+,West,2025-12-15,CH_04
VOL_10541,18-22,South,2026-02-15,CH_02
VOL_10542,18-22,East,2025-02-15,CH_03
VOL_10543,18-22,North,2025-01-11,CH_05
VOL_10544,23-30,South,2025-05-13,CH_02
VOL_10545,18-22,North,2025-10-15,CH_01
VOL_10546,18-22,West,2026-02-12,CH_04
VOL_10547,46+,South,2025-06-18,CH_02
VOL_10548,18-22,North,2025-10-31,CH_05
VOL_10549,46+,North,2025-02-02,CH_01
VOL_10550,18-22,North,2025-10-21,CH_05
VOL_10551,18-22,North,2025-09-24,CH_01
VOL_10552,18-22,North,2025-02-13,CH_05
VOL_10553,18-22,North,2025-11-25,CH_01
VOL_10554,46+,North,2025-12-28,CH_01
VOL_10555,31-45,North,2025-09-13,CH_01
VOL_10556,31-45,North,2025-02-21,CH_01
VOL_10557,18-22,North,2026-02-23,CH_05
VOL_10558,18-22,North,2025-11-29,CH_01
VOL_10559,18-22,East,2025-05-28,CH_03
VOL_10560,31-45,East,2025-07-02,CH_03
VOL_10561,18-22,East,2025-06-07,CH_03
VOL_10562,18-22,North,2025-08-04,CH_05
VOL_10563,31-45,West,2025-05-26,CH_04
VOL_10564,23-30,North,2025-12-28,CH_05
VOL_10565,18-22,North,2025-12-16,CH_01
VOL_10566,18-22,North,2025-02-14,CH_05
VOL_10567,46+,North,2026-02-13,CH_05
VOL_10568,18-22,West,2025-09-28,CH_04
VOL_10569,46+,West,2025-12-19,CH_04
VOL_10570,31-45,East,2025-10-28,CH_03
VOL_10571,23-30,North,2025-07-05,CH_01
VOL_10572,23-30,South,2025-11-08,CH_02
VOL_10573,46+,North,2026-02-15,CH_05
VOL_10574,31-45,West,2025-04-25,CH_04
VOL_10575,18-22,North,2025-12-10,CH_01
VOL_10576,18-22,South,2025-08-17,CH_02
VOL_10577,18-22,East,2025-07-25,CH_03
VOL_10578,18-22,West,2025-07-05,CH_04
VOL_10579,46+,North,2025-11-07,CH_01
VOL_10580,46+,South,2025-04-25,CH_02
VOL_10581,23-30,South,2025-12-28,CH_02
VOL_10582,46+,North,2025-12-20,CH_05
VOL_10583,18-22,North,2025-02-06,CH_05
VOL_10584,18-22,North,2026-01-10,CH_01
VOL_10585,18-22,East,2025-04-14,CH_03
VOL_10586,46+,South,2025-07-17,CH_02
VOL_10587,18-22,North,2025-09-17,CH_01
VOL_10588,18-22,North,2025-06-11,CH_01
VOL_10589,18-22,West,2025-01-13,CH_04
VOL_10590,46+,West,2025-12-28,CH_04
VOL_10591,18-22,North,2025-03-19,CH_01
VOL_10592,31-45,North,2025-04-01,CH_01
VOL_10593,18-22,West,2025-12-06,CH_04
VOL_10594,18-22,North,2025-05-25,CH_05
VOL_10595,23-30,West,2026-01-10,CH_04
VOL_10596,18-22,West,2025-10-26,CH_04
VOL_10597,46+,South,2025-04-28,CH_02
VOL_10598,18-22,East,2025-01-05,CH_03
VOL_10599,18-22,East,2026-02-07,CH_03
VOL_10600,18-22,East,2025-02-06,CH_03
VOL_10601,46+,South,2025-11-03,CH_02
VOL_10602,18-22,North,2025-07-27,CH_05
VOL_10603,18-22,West,2025-11-19,CH_04
VOL_10604,31-45,West,2025-10-21,CH_04
VOL_10605,18-22,East,2025-10-02,CH_03
VOL_10606,23-30,South,2025-07-28,CH_02
VOL_10607,18-22,East,2025-12-03,CH_03
VOL_10608,18-22,East,2025-02-09,CH_03
VOL_10609,18-22,West,2025-04-05,CH_04
VOL_10610,18-22,South,2025-10-22,CH_02
VOL_10611,18-22,North,2025-05-11,CH_05
VOL_10612,18-22,East,2025-09-05,CH_03
VOL_10613,23-30,West,2025-07-21,CH_04
VOL_10614,46+,North,2025-08-14,CH_01
VOL_10615,23-30,South,2025-06-30,CH_02
VOL_10616,23-30,South,2025-11-14,CH_02
VOL_10617,23-30,East,2025-05-21,CH_03
VOL_10618,46+,East,2025-10-26,CH_03
VOL_10619,18-22,North,2025-04-26,CH_01
VOL_10620,46+,South,2025-04-17,CH_02
VOL_10621,23-30,North,2025-02-21,CH_01
VOL_10622,23-30,North,2025-03-23,CH_01
VOL_10623,18-22,North,2025-02-20,CH_05
VOL_10624,31-45,South,2025-08-16,CH_02
VOL_10625,18-22,North,2025-11-20,CH_01
VOL_10626,46+,West,2025-03-20,CH_04
VOL_10627,18-22,West,2025-04-02,CH_04
VOL_10628,18-22,East,2025-07-25,CH_03
VOL_10629,18-22,East,2025-11-04,CH_03
VOL_10630,46+,East,2026-02-20,CH_03
VOL_10631,18-22,West,2025-08-11,CH_04
VOL_10632,18-22,East,2025-05-01,CH_03
VOL_10633,18-22,West,2025-02-12,CH_04
VOL_10634,31-45,West,2025-03-24,CH_04
VOL_10635,18-22,South,2025-04-07,CH_02
VOL_10636,18-22,North,2025-03-18,CH_01
VOL_10637,46+,North,2025-01-07,CH_05
VOL_10638,23-30,South,2025-08-16,CH_02
VOL_10639,23-30,South,2025-04-27,CH_02
VOL_10640,18-22,South,2026-02-19,CH_02
VOL_10641,18-22,East,2025-08-24,CH_03
VOL_10642,18-22,North,2025-10-24,CH_01
VOL_10643,23-30,South,2025-02-23,CH_02
VOL_10644,18-22,South,2026-01-05,CH_02
VOL_10645,18-22,North,2025-07-28,CH_05
VOL_10646,46+,North,2026-01-06,CH_05
VOL_10647,46+,West,2025-09-01,CH_04
VOL_10648,18-22,West,2025-07-19,CH_04
VOL_10649,18-22,West,2025-07-07,CH_04
VOL_10650,23-30,South,2025-03-20,CH_02
VOL_10651,18-22,South,2025-01-22,CH_02
VOL_10652,31-45,South,2026-02-04,CH_02
VOL_10653,18-22,South,2025-07-23,CH_02
VOL_10654,18-22,North,2025-12-16,CH_01
VOL_10655,18-22,North,2025-06-20,CH_05
VOL_10656,23-30,South,2025-02-01,CH_02
VOL_10657,23-30,North,2025-09-25,CH_01
VOL_10658,46+,East,2025-01-23,CH_03
VOL_10659,46+,North,2025-03-05,CH_05
VOL_10660,46+,North,2025-08-28,CH_05
VOL_10661,31-45,East,2025-05-10,CH_03
VOL_10662,23-30,North,2026-02-27,CH_05
VOL_10663,18-22,West,2025-02-20,CH_04
VOL_10664,18-22,South,2025-11-21,CH_02
VOL_10665,18-22,West,2025-09-15,CH_04
VOL_10666,18-22,North,2025-12-03,CH_01
VOL_10667,18-22,North,2025-04-06,CH_05
VOL_10668,31-45,North,2025-08-11,CH_01
VOL_10669,18-22,West,2025-07-11,CH_04
VOL_10670,18-22,East,2025-07-08,CH_03
VOL_10671,18-22,North,2026-01-01,CH_01
VOL_10672,18-22,North,2026-02-25,CH_05
VOL_10673,18-22,North,2025-05-10,CH_01
VOL_10674,46+,North,2025-09-21,CH_05
VOL_10675,23-30,South,2025-09-17,CH_02
VOL_10676,18-22,North,2025-11-11,CH_05
VOL_10677,18-22,North,2026-02-07,CH_01
VOL_10678,18-22,West,2025-03-30,CH_04
VOL_10679,23-30,East,2025-03-31,CH_03
VOL_10680,31-45,East,2025-10-08,CH_03
VOL_10681,31-45,West,2025-03-08,CH_04
VOL_10682,23-30,West,2025-03-15,CH_04
VOL_10683,46+,North,2025-02-01,CH_01
VOL_10684,18-22,East,2025-01-02,CH_03
VOL_10685,23-30,North,2025-07-11,CH_01
VOL_10686,18-22,North,2025-09-10,CH_01
VOL_10687,18-22,North,2025-05-04,CH_01
VOL_10688,18-22,South,2025-04-09,CH_02
VOL_10689,31-45,West,2025-10-28,CH_04
VOL_10690,18-22,West,2025-10-26,CH_04
VOL_10691,23-30,North,2025-07-12,CH_01
VOL_10692,18-22,North,2025-10-20,CH_05
VOL_10693,18-22,North,2026-01-28,CH_01
VOL_10694,18-22,West,2025-12-01,CH_04
VOL_10695,18-22,West,2025-09-23,CH_04
VOL_10696,18-22,North,2025-10-09,CH_01
VOL_10697,23-30,East,2026-02-01,CH_03
VOL_10698,31-45,South,2025-06-30,CH_02
VOL_10699,18-22,East,2025-08-20,CH_03
VOL_10700,18-22,South,2025-10-03,CH_02
VOL_10701,18-22,East,2026-01-22,CH_03
VOL_10702,18-22,North,2025-12-18,CH_01
VOL_10703,31-45,East,2025-01-31,CH_03
VOL_10704,46+,West,2025-03-12,CH_04
VOL_10705,31-45,West,2025-05-11,CH_04
VOL_10706,18-22,North,2025-11-15,CH_01
VOL_10707,18-22,South,2025-08-30,CH_02
VOL_10708,23-30,North,2025-05-03,CH_01
VOL_10709,18-22,North,2025-02-22,CH_01
VOL_10710,23-30,West,2025-10-20,CH_04
VOL_10711,23-30,North,2025-10-25,CH_01
VOL_10712,31-45,North,2026-02-05,CH_05
VOL_10713,18-22,West,2025-08-01,CH_04
VOL_10714,18-22,South,2025-07-29,CH_02
VOL_10715,18-22,West,2025-02-04,CH_04
VOL_10716,18-22,West,2025-01-17,CH_04
VOL_10717,18-22,North,2025-07-03,CH_01
VOL_10718,23-30,South,2025-05-17,CH_02
VOL_10719,46+,South,2025-04-17,CH_02
VOL_10720,18-22,East,2025-02-08,CH_03
VOL_10721,18-22,North,2026-02-13,CH_05
VOL_10722,18-22,North,2025-12-22,CH_05
VOL_10723,23-30,East,2025-09-02,CH_03
VOL_10724,18-22,South,2026-02-09,CH_02
VOL_10725,18-22,East,2026-03-01,CH_03
VOL_10726,18-22,North,2025-10-13,CH_05
VOL_10727,23-30,North,2025-04-25,CH_01
VOL_10728,18-22,North,2025-01-18,CH_01
VOL_10729,18-22,East,2025-11-18,CH_03
VOL_10730,23-30,South,2025-07-19,CH_02
VOL_10731,18-22,East,2025-10-04,CH_03
VOL_10732,31-45,South,2026-01-25,CH_02
VOL_10733,18-22,East,2025-03-19,CH_03
VOL_10734,18-22,North,2025-09-06,CH_05
VOL_10735,46+,South,2025-09-27,CH_02
VOL_10736,31-45,East,2025-07-28,CH_03
VOL_10737,18-22,West,2025-02-08,CH_04
VOL_10738,23-30,East,2025-05-28,CH_03
VOL_10739,46+,North,2025-05-22,CH_05
VOL_10740,18-22,West,2025-10-12,CH_04
VOL_10741,18-22,North,2025-12-31,CH_01
VOL_10742,31-45,North,2025-05-21,CH_01
VOL_10743,31-45,South,2025-10-22,CH_02
VOL_10744,31-45,North,2025-05-03,CH_05
VOL_10745,18-22,North,2026-02-06,CH_01
VOL_10746,31-45,South,2025-12-12,CH_02
VOL_10747,46+,North,2025-08-22,CH_05
VOL_10748,18-22,West,2025-07-13,CH_04
VOL_10749,18-22,North,2025-05-14,CH_05
VOL_10750,46+,North,2025-05-18,CH_01
VOL_10751,31-45,South,2026-02-17,CH_02
VOL_10752,18-22,South,2025-06-21,CH_02
VOL_10753,18-22,West,2025-08-07,CH_04
VOL_10754,18-22,West,2026-02-24,CH_04
VOL_10755,31-45,South,2025-10-07,CH_02
VOL_10756,18-22,North,2025-08-19,CH_01
VOL_10757,18-22,South,2025-06-25,CH_02
VOL_10758,18-22,North,2025-03-21,CH_01
VOL_10759,23-30,North,2025-06-03,CH_01
VOL_10760,18-22,West,2025-11-18,CH_04
VOL_10761,18-22,South,2025-09-23,CH_02
VOL_10762,46+,West,2025-11-19,CH_04
VOL_10763,18-22,West,2025-03-28,CH_04
VOL_10764,18-22,East,2025-08-22,CH_03
VOL_10765,23-30,East,2026-01-30,CH_03
VOL_10766,31-45,West,2025-07-06,CH_04
VOL_10767,46+,North,2025-10-24,CH_01
VOL_10768,18-22,South,2025-02-21,CH_02
VOL_10769,23-30,East,2026-02-18,CH_03
VOL_10770,46+,West,2025-09-16,CH_04
VOL_10771,23-30,South,2025-04-12,CH_02
VOL_10772,18-22,North,2025-03-09,CH_05
VOL_10773,18-22,North,2025-08-23,CH_01
VOL_10774,18-22,North,2025-08-23,CH_05
VOL_10775,46+,South,2025-02-09,CH_02
VOL_10776,23-30,West,2026-02-26,CH_04
VOL_10777,23-30,North,2026-01-23,CH_01
VOL_10778,18-22,East,2025-07-16,CH_03
VOL_10779,46+,West,2025-02-19,CH_04
VOL_10780,18-22,North,2025-12-20,CH_01
VOL_10781,18-22,West,2025-07-31,CH_04
VOL_10782,31-45,North,2025-11-01,CH_01
VOL_10783,31-45,West,2025-08-05,CH_04
VOL_10784,31-45,West,2025-04-27,CH_04
VOL_10785,18-22,South,2025-12-21,CH_02
VOL_10786,18-22,East,2026-02-21,CH_03
VOL_10787,18-22,South,2025-04-14,CH_02
VOL_10788,18-22,West,2025-08-23,CH_04
VOL_10789,46+,North,2025-06-13,CH_05
VOL_10790,18-22,North,2026-01-27,CH_01
VOL_10791,23-30,North,2025-08-05,CH_01
VOL_10792,18-22,East,2026-01-09,CH_03
VOL_10793,46+,North,2026-01-03,CH_05
VOL_10794,18-22,North,2025-04-28,CH_01
VOL_10795,23-30,South,2025-12-02,CH_02
VOL_10796,31-45,West,2025-06-26,CH_04
VOL_10797,18-22,North,2026-02-02,CH_05
VOL_10798,23-30,South,2025-08-04,CH_02
VOL_10799,23-30,South,2025-12-15,CH_02
VOL_10800,23-30,North,2025-05-01,CH_01
VOL_10801,18-22,East,2025-05-07,CH_03
VOL_10802,31-45,East,2025-09-07,CH_03
VOL_10803,18-22,East,2026-03-01,CH_03
VOL_10804,23-30,North,2025-07-28,CH_05
VOL_10805,18-22,West,2025-03-05,CH_04
VOL_10806,18-22,West,2025-08-17,CH_04
VOL_10807,18-22,South,2025-05-27,CH_02
VOL_10808,46+,South,2025-08-23,CH_02
VOL_10809,23-30,North,2025-08-19,CH_05
VOL_10810,46+,West,2025-07-13,CH_04
VOL_10811,18-22,East,2025-05-17,CH_03
VOL_10812,18-22,North,2025-03-22,CH_05
VOL_10813,46+,South,2025-10-24,CH_02
VOL_10814,31-45,North,2025-09-01,CH_05
VOL_10815,31-45,North,2025-04-10,CH_05
VOL_10816,31-45,South,2025-11-26,CH_02
VOL_10817,23-30,North,2025-01-19,CH_05
VOL_10818,18-22,East,2025-11-13,CH_03
VOL_10819,18-22,North,2025-10-27,CH_05
VOL_10820,18-22,North,2025-12-11,CH_05
VOL_10821,46+,East,2025-06-14,CH_03
VOL_10822,18-22,North,2025-10-10,CH_01
VOL_10823,23-30,North,2025-12-15,CH_05
VOL_10824,18-22,North,2026-02-21,CH_01
VOL_10825,23-30,North,2025-07-30,CH_05
VOL_10826,18-22,North,2025-01-16,CH_01
VOL_10827,18-22,North,2025-08-02,CH_05
VOL_10828,18-22,North,2025-09-08,CH_01
VOL_10829,31-45,West,2026-01-05,CH_04
VOL_10830,18-22,South,2026-01-07,CH_02
VOL_10831,18-22,South,2025-07-07,CH_02
VOL_10832,46+,North,2025-08-12,CH_05
VOL_10833,23-30,North,2025-07-14,CH_01
VOL_10834,31-45,North,2025-11-04,CH_01
VOL_10835,23-30,West,2025-06-24,CH_04
VOL_10836,23-30,East,2025-10-06,CH_03
VOL_10837,31-45,North,2025-03-07,CH_05
VOL_10838,18-22,South,2025-07-19,CH_02
VOL_10839,31-45,East,2026-02-16,CH_03
VOL_10840,23-30,East,2025-05-24,CH_03
VOL_10841,18-22,East,2025-10-22,CH_03
VOL_10842,31-45,South,2025-10-04,CH_02
VOL_10843,18-22,North,2025-12-29,CH_01
VOL_10844,23-30,North,2025-12-29,CH_05
VOL_10845,18-22,East,2026-01-01,CH_03
VOL_10846,31-45,North,2025-06-11,CH_05
VOL_10847,18-22,North,2025-05-15,CH_01
VOL_10848,18-22,West,2025-11-02,CH_04
VOL_10849,18-22,North,2025-11-19,CH_01
VOL_10850,23-30,West,2026-01-06,CH_04
VOL_10851,46+,North,2025-01-16,CH_01
VOL_10852,46+,North,2025-01-30,CH_01
VOL_10853,18-22,South,2025-09-26,CH_02
VOL_10854,18-22,North,2026-01-27,CH_05
VOL_10855,18-22,East,2026-02-28,CH_03
VOL_10856,18-22,North,2025-11-14,CH_01
VOL_10857,18-22,North,2025-07-04,CH_01
VOL_10858,18-22,North,2025-02-11,CH_05
VOL_10859,18-22,North,2025-09-27,CH_01
VOL_10860,18-22,South,2026-01-06,CH_02
VOL_10861,31-45,South,2025-07-08,CH_02
VOL_10862,18-22,South,2025-10-22,CH_02
VOL_10863,46+,North,2026-01-19,CH_05
VOL_10864,31-45,South,2025-01-20,CH_02
VOL_10865,46+,North,2025-12-05,CH_01
VOL_10866,31-45,East,2025-05-05,CH_03
VOL_10867,23-30,East,2025-06-09,CH_03
VOL_10868,31-45,South,2025-03-03,CH_02
VOL_10869,18-22,West,2025-08-14,CH_04
VOL_10870,46+,West,2025-08-29,CH_04
VOL_10871,18-22,North,2025-12-03,CH_05
VOL_10872,31-45,North,2025-03-14,CH_01
VOL_10873,46+,North,2025-02-03,CH_05
VOL_10874,18-22,North,2026-01-06,CH_01
VOL_10875,18-22,West,2025-09-21,CH_04
VOL_10876,18-22,East,2025-04-13,CH_03
VOL_10877,46+,North,2026-01-23,CH_05
VOL_10878,18-22,West,2025-03-02,CH_04
VOL_10879,23-30,South,2025-07-15,CH_02
VOL_10880,18-22,West,2025-04-18,CH_04
VOL_10881,46+,South,2025-04-19,CH_02
VOL_10882,46+,North,2025-01-04,CH_01
VOL_10883,18-22,West,2025-12-08,CH_04
VOL_10884,18-22,North,2026-01-19,CH_05
VOL_10885,18-22,South,2025-10-15,CH_02
VOL_10886,18-22,West,2025-03-09,CH_04
VOL_10887,18-22,South,2025-07-07,CH_02
VOL_10888,18-22,North,2025-05-27,CH_01
VOL_10889,18-22,North,2025-09-07,CH_05
VOL_10890,31-45,South,2025-09-29,CH_02
VOL_10891,31-45,West,2025-06-30,CH_04
VOL_10892,18-22,North,2025-04-17,CH_05
VOL_10893,23-30,North,2025-12-26,CH_05
VOL_10894,18-22,West,2025-03-26,CH_04
VOL_10895,46+,West,2025-06-13,CH_04
VOL_10896,18-22,North,2025-07-25,CH_01
VOL_10897,18-22,West,2025-04-11,CH_04
VOL_10898,18-22,West,2025-09-01,CH_04
VOL_10899,18-22,South,2025-09-02,CH_02
VOL_10900,46+,East,2026-02-26,CH_03
VOL_10901,23-30,South,2025-05-06,CH_02
VOL_10902,46+,North,2026-02-20,CH_01
VOL_10903,18-22,South,2025-10-07,CH_02
VOL_10904,46+,South,2025-04-27,CH_02
VOL_10905,18-22,West,2025-08-29,CH_04
VOL_10906,18-22,South,2025-10-19,CH_02
VOL_10907,18-22,East,2025-11-13,CH_03
VOL_10908,18-22,South,2025-01-21,CH_02
VOL_10909,18-22,South,2025-09-15,CH_02
VOL_10910,23-30,South,2025-07-31,CH_02
VOL_10911,18-22,West,2026-01-20,CH_04
VOL_10912,23-30,North,2025-05-02,CH_05
VOL_10913,18-22,East,2025-12-06,CH_03
VOL_10914,46+,East,2025-09-16,CH_03
VOL_10915,23-30,West,2025-05-30,CH_04
VOL_10916,23-30,East,2025-09-28,CH_03
VOL_10917,18-22,East,2025-09-21,CH_03
VOL_10918,18-22,South,2025-10-16,CH_02
VOL_10919,31-45,North,2025-11-03,CH_01
VOL_10920,18-22,East,2025-10-08,CH_03
VOL_10921,18-22,South,2025-12-23,CH_02
VOL_10922,18-22,East,2025-09-25,CH_03
VOL_10923,18-22,West,2026-01-19,CH_04
VOL_10924,18-22,North,2025-10-02,CH_05
VOL_10925,31-45,North,2025-05-12,CH_01
VOL_10926,18-22,North,2025-07-07,CH_05
VOL_10927,18-22,West,2025-09-04,CH_04
VOL_10928,18-22,East,2025-11-08,CH_03
VOL_10929,18-22,East,2025-02-08,CH_03
VOL_10930,46+,South,2025-05-06,CH_02
VOL_10931,46+,North,2025-11-14,CH_01
VOL_10932,46+,South,2025-03-16,CH_02
VOL_10933,18-22,South,2025-02-26,CH_02
VOL_10934,18-22,East,2025-08-18,CH_03
VOL_10935,23-30,North,2026-02-17,CH_01
VOL_10936,18-22,North,2025-08-14,CH_01
VOL_10937,18-22,South,2026-01-24,CH_02
VOL_10938,18-22,North,2025-12-19,CH_05
VOL_10939,18-22,West,2025-04-20,CH_04
VOL_10940,23-30,North,2025-12-17,CH_01
VOL_10941,31-45,South,2025-07-24,CH_02
VOL_10942,46+,North,2025-12-09,CH_01
VOL_10943,23-30,West,2025-11-14,CH_04
VOL_10944,18-22,West,2025-05-24,CH_04
VOL_10945,18-22,East,2025-02-18,CH_03
VOL_10946,23-30,South,2026-02-14,CH_02
VOL_10947,18-22,West,2025-03-01,CH_04
VOL_10948,46+,West,2026-02-15,CH_04
VOL_10949,46+,North,2026-01-01,CH_05
VOL_10950,31-45,North,2025-11-04,CH_01
VOL_10951,31-45,South,2026-02-21,CH_02
VOL_10952,18-22,North,2026-02-16,CH_01
VOL_10953,23-30,North,2025-12-08,CH_05
VOL_10954,18-22,West,2025-06-05,CH_04
VOL_10955,18-22,East,2025-12-03,CH_03
VOL_10956,23-30,North,2025-01-06,CH_01
VOL_10957,23-30,North,2025-08-17,CH_05
VOL_10958,18-22,North,2025-07-13,CH_05
VOL_10959,18-22,West,2025-10-13,CH_04
VOL_10960,18-22,South,2025-10-13,CH_02
VOL_10961,18-22,East,2025-09-06,CH_03
VOL_10962,18-22,North,2025-12-16,CH_05
VOL_10963,31-45,North,2026-02-04,CH_01
VOL_10964,18-22,North,2025-02-16,CH_01
VOL_10965,18-22,North,2025-04-10,CH_05
VOL_10966,23-30,East,2025-01-11,CH_03
VOL_10967,18-22,North,2026-01-11,CH_01
VOL_10968,46+,South,2025-08-27,CH_02
VOL_10969,31-45,West,2026-01-24,CH_04
VOL_10970,18-22,East,2025-04-05,CH_03
VOL_10971,23-30,East,2025-01-27,CH_03
VOL_10972,23-30,East,2025-12-17,CH_03
VOL_10973,23-30,East,2026-01-22,CH_03
VOL_10974,46+,East,2025-05-09,CH_03
VOL_10975,18-22,South,2025-06-23,CH_02
VOL_10976,31-45,West,2025-03-01,CH_04
VOL_10977,18-22,East,2026-02-07,CH_03
VOL_10978,46+,South,2025-05-10,CH_02
VOL_10979,46+,West,2025-07-29,CH_04
VOL_10980,46+,West,2025-02-11,CH_04
VOL_10981,18-22,East,2026-01-13,CH_03
VOL_10982,46+,North,2025-02-27,CH_05
VOL_10983,23-30,North,2025-07-12,CH_05
VOL_10984,18-22,South,2025-10-12,CH_02
VOL_10985,23-30,South,2025-11-12,CH_02
VOL_10986,31-45,North,2026-02-07,CH_01
VOL_10987,23-30,East,2025-06-28,CH_03
VOL_10988,18-22,North,2025-11-12,CH_05
VOL_10989,46+,South,2025-03-07,CH_02
VOL_10990,18-22,North,2025-06-26,CH_01
VOL_10991,18-22,North,2025-02-12,CH_01
VOL_10992,18-22,West,2025-07-27,CH_04
VOL_10993,18-22,South,2025-06-23,CH_02
VOL_10994,23-30,South,2026-02-09,CH_02
VOL_10995,18-22,East,2025-01-14,CH_03
VOL_10996,31-45,West,2025-06-07,CH_04
VOL_10997,31-45,North,2025-07-08,CH_01
VOL_10998,18-22,West,2026-02-08,CH_04
VOL_10999,31-45,North,2025-12-30,CH_01
VOL_11000,23-30,East,2025-02-12,CH_03
VOL_11001,31-45,East,2025-10-19,CH_03
VOL_11002,31-45,South,2025-08-20,CH_02
VOL_11003,18-22,North,2026-02-20,CH_01
VOL_11004,18-22,East,2025-06-02,CH_03
VOL_11005,31-45,South,2025-06-19,CH_02
VOL_11006,18-22,East,2025-03-22,CH_03
VOL_11007,31-45,North,2025-02-21,CH_01
VOL_11008,31-45,North,2025-12-27,CH_01
VOL_11009,18-22,West,2025-07-13,CH_04
VOL_11010,31-45,North,2025-10-09,CH_05
VOL_11011,23-30,North,2025-09-30,CH_01
VOL_11012,18-22,East,2025-09-11,CH_03
VOL_11013,46+,North,2025-01-10,CH_01
VOL_11014,31-45,South,2025-12-01,CH_02
VOL_11015,18-22,North,2025-04-14,CH_01
VOL_11016,31-45,North,2025-02-23,CH_01
VOL_11017,46+,South,2025-08-28,CH_02
VOL_11018,31-45,East,2025-01-30,CH_03
VOL_11019,23-30,East,2025-11-22,CH_03
VOL_11020,46+,North,2025-03-30,CH_05
VOL_11021,18-22,West,2025-04-02,CH_04
VOL_11022,31-45,West,2026-01-05,CH_04
VOL_11023,18-22,North,2025-05-20,CH_05
VOL_11024,18-22,North,2025-03-04,CH_01
VOL_11025,18-22,North,2026-01-18,CH_05
VOL_11026,46+,West,2025-01-02,CH_04
VOL_11027,46+,West,2025-12-31,CH_04
VOL_11028,46+,North,2025-03-03,CH_05
VOL_11029,46+,West,2025-02-25,CH_04
VOL_11030,23-30,North,2025-04-17,CH_05
VOL_11031,23-30,West,2025-03-16,CH_04
VOL_11032,18-22,West,2025-10-08,CH_04
VOL_11033,18-22,North,2025-01-11,CH_05
VOL_11034,46+,West,2025-01-07,CH_04
VOL_11035,23-30,East,2025-12-02,CH_03
VOL_11036,31-45,East,2025-04-12,CH_03
VOL_11037,31-45,West,2025-05-18,CH_04
VOL_11038,18-22,South,2025-03-16,CH_02
VOL_11039,23-30,North,2025-01-23,CH_01
VOL_11040,23-30,South,2025-11-12,CH_02
VOL_11041,18-22,North,2025-08-12,CH_05
VOL_11042,18-22,South,2025-11-13,CH_02
VOL_11043,18-22,North,2025-07-22,CH_05
VOL_11044,31-45,South,2025-11-27,CH_02
VOL_11045,18-22,East,2025-08-07,CH_03
VOL_11046,46+,South,2025-02-16,CH_02
VOL_11047,31-45,South,2025-08-03,CH_02
VOL_11048,18-22,West,2026-02-06,CH_04
VOL_11049,31-45,South,2025-01-19,CH_02
VOL_11050,46+,North,2025-11-29,CH_01
VOL_11051,18-22,North,2026-01-04,CH_05
VOL_11052,31-45,West,2025-08-10,CH_04
VOL_11053,31-45,South,2025-07-14,CH_02
VOL_11054,18-22,East,2026-02-14,CH_03
VOL_11055,46+,North,2025-01-26,CH_01
VOL_11056,18-22,South,2025-07-23,CH_02
VOL_11057,18-22,East,2025-06-20,CH_03
VOL_11058,31-45,North,2025-10-19,CH_01
VOL_11059,23-30,East,2025-07-28,CH_03
VOL_11060,18-22,North,2026-01-22,CH_01
VOL_11061,31-45,North,2025-02-01,CH_01
VOL_11062,23-30,East,2025-02-04,CH_03
VOL_11063,23-30,North,2025-09-16,CH_01
VOL_11064,18-22,North,2025-01-28,CH_05
VOL_11065,18-22,East,2025-04-27,CH_03
VOL_11066,23-30,North,2025-09-27,CH_05
VOL_11067,31-45,West,2025-08-22,CH_04
VOL_11068,18-22,North,2025-05-19,CH_01
VOL_11069,23-30,West,2026-02-27,CH_04
VOL_11070,23-30,North,2025-08-14,CH_01
VOL_11071,18-22,West,2025-07-12,CH_04
VOL_11072,18-22,East,2025-09-15,CH_03
VOL_11073,18-22,North,2025-02-12,CH_01
VOL_11074,31-45,West,2025-10-26,CH_04
VOL_11075,18-22,South,2025-12-29,CH_02
VOL_11076,23-30,North,2025-10-04,CH_01
VOL_11077,31-45,North,2025-11-23,CH_01
VOL_11078,18-22,West,2025-11-03,CH_04
VOL_11079,18-22,North,2025-04-02,CH_01
VOL_11080,18-22,South,2025-07-11,CH_02
VOL_11081,31-45,South,2025-04-08,CH_02
VOL_11082,18-22,North,2025-05-25,CH_05
VOL_11083,18-22,North,2025-07-12,CH_05
VOL_11084,18-22,South,2025-06-26,CH_02
VOL_11085,31-45,South,2025-02-10,CH_02
VOL_11086,23-30,North,2025-07-01,CH_01
VOL_11087,18-22,West,2025-10-10,CH_04
VOL_11088,18-22,East,2025-06-09,CH_03
VOL_11089,46+,North,2025-03-06,CH_05
VOL_11090,31-45,North,2026-01-28,CH_01
VOL_11091,23-30,South,2025-01-29,CH_02
VOL_11092,18-22,North,2025-12-20,CH_05
VOL_11093,18-22,North,2025-02-09,CH_01
VOL_11094,18-22,South,2025-02-11,CH_02
VOL_11095,18-22,East,2025-11-10,CH_03
VOL_11096,46+,North,2025-12-12,CH_05
VOL_11097,23-30,North,2025-08-25,CH_05
VOL_11098,18-22,North,2025-09-07,CH_01
VOL_11099,31-45,North,2025-08-27,CH_01
VOL_11100,18-22,North,2025-05-21,CH_05
VOL_11101,18-22,South,2025-02-21,CH_02
VOL_11102,23-30,North,2025-05-31,CH_05
VOL_11103,18-22,East,2025-10-10,CH_03
VOL_11104,46+,North,2025-11-15,CH_05
VOL_11105,46+,South,2026-01-04,CH_02
VOL_11106,23-30,East,2025-11-03,CH_03
VOL_11107,23-30,West,2026-02-16,CH_04
VOL_11108,18-22,South,2025-09-13,CH_02
VOL_11109,18-22,West,2025-05-30,CH_04
VOL_11110,46+,West,2025-09-03,CH_04
VOL_11111,18-22,West,2025-04-01,CH_04
VOL_11112,18-22,South,2025-10-07,CH_02
VOL_11113,31-45,North,2025-04-06,CH_01
VOL_11114,18-22,North,2025-02-15,CH_05
VOL_11115,23-30,South,2025-12-26,CH_02
VOL_11116,18-22,West,2025-06-06,CH_04
VOL_11117,46+,North,2025-11-21,CH_05
VOL_11118,18-22,South,2025-09-01,CH_02
VOL_11119,18-22,East,2025-12-10,CH_03
VOL_11120,23-30,North,2025-12-26,CH_05
VOL_11121,23-30,North,2026-02-19,CH_01
VOL_11122,23-30,North,2025-12-14,CH_05
VOL_11123,46+,North,2025-09-18,CH_01
VOL_11124,18-22,East,2025-10-01,CH_03
VOL_11125,23-30,South,2025-01-12,CH_02
VOL_11126,23-30,North,2026-01-30,CH_05
VOL_11127,31-45,South,2025-12-19,CH_02
VOL_11128,23-30,West,2025-04-24,CH_04
VOL_11129,23-30,South,2025-03-18,CH_02
VOL_11130,18-22,South,2025-10-26,CH_02
VOL_11131,46+,South,2025-05-12,CH_02
VOL_11132,23-30,North,2025-05-25,CH_01
VOL_11133,23-30,North,2025-01-03,CH_05
VOL_11134,18-22,East,2026-01-05,CH_03
VOL_11135,18-22,South,2025-08-29,CH_02
VOL_11136,18-22,South,2025-06-20,CH_02
VOL_11137,18-22,North,2025-03-02,CH_01
VOL_11138,18-22,East,2025-09-27,CH_03
VOL_11139,23-30,North,2025-01-14,CH_05
VOL_11140,23-30,South,2025-11-14,CH_02
VOL_11141,23-30,North,2025-04-02,CH_01
VOL_11142,23-30,West,2025-06-28,CH_04
VOL_11143,18-22,West,2025-05-25,CH_04
VOL_11144,18-22,South,2025-06-07,CH_02
VOL_11145,31-45,East,2025-11-03,CH_03
VOL_11146,46+,North,2025-11-27,CH_05
VOL_11147,46+,North,2025-08-30,CH_01
VOL_11148,23-30,West,2025-02-06,CH_04
VOL_11149,18-22,West,2025-01-23,CH_04
VOL_11150,18-22,North,2025-03-08,CH_05
VOL_11151,18-22,North,2025-09-20,CH_01
VOL_11152,23-30,South,2025-10-14,CH_02
VOL_11153,18-22,West,2025-04-26,CH_04
VOL_11154,46+,North,2025-10-09,CH_01
VOL_11155,46+,West,2025-07-26,CH_04
VOL_11156,31-45,North,2025-07-07,CH_05
VOL_11157,18-22,West,2025-04-27,CH_04
VOL_11158,18-22,South,2025-11-17,CH_02
VOL_11159,23-30,North,2025-02-18,CH_01
VOL_11160,46+,North,2025-07-02,CH_05
VOL_11161,31-45,West,2025-05-01,CH_04
VOL_11162,18-22,East,2025-10-16,CH_03
VOL_11163,18-22,South,2025-07-26,CH_02
VOL_11164,23-30,South,2025-10-11,CH_02
VOL_11165,23-30,North,2025-01-20,CH_05
VOL_11166,18-22,East,2025-06-17,CH_03
VOL_11167,18-22,North,2025-09-12,CH_05
VOL_11168,18-22,East,2025-01-04,CH_03
VOL_11169,46+,North,2025-05-09,CH_05
VOL_11170,46+,South,2025-03-31,CH_02
VOL_11171,18-22,North,2025-02-28,CH_01
VOL_11172,18-22,East,2025-04-19,CH_03
VOL_11173,18-22,South,2025-05-20,CH_02
VOL_11174,23-30,South,2025-01-04,CH_02
VOL_11175,18-22,South,2025-11-14,CH_02
VOL_11176,18-22,North,2025-03-16,CH_01
VOL_11177,23-30,West,2025-06-11,CH_04
VOL_11178,18-22,East,2025-10-27,CH_03
VOL_11179,23-30,North,2025-08-01,CH_05
VOL_11180,18-22,North,2025-12-21,CH_01
VOL_11181,23-30,North,2025-12-09,CH_05
VOL_11182,46+,West,2025-01-31,CH_04
VOL_11183,18-22,West,2026-01-02,CH_04
VOL_11184,18-22,West,2025-01-18,CH_04
VOL_11185,46+,North,2025-01-08,CH_01
VOL_11186,23-30,East,2026-01-27,CH_03
VOL_11187,31-45,North,2026-01-02,CH_01
VOL_11188,31-45,West,2025-09-02,CH_04
VOL_11189,18-22,North,2025-09-01,CH_01
VOL_11190,18-22,North,2025-10-29,CH_05
VOL_11191,23-30,East,2025-06-27,CH_03
VOL_11192,23-30,South,2025-02-18,CH_02
VOL_11193,23-30,East,2025-01-09,CH_03
VOL_11194,23-30,North,2025-05-19,CH_05
VOL_11195,23-30,East,2025-12-07,CH_03
VOL_11196,18-22,East,2025-09-20,CH_03
VOL_11197,31-45,West,2025-12-20,CH_04
VOL_11198,18-22,North,2026-01-26,CH_05
VOL_11199,46+,West,2025-02-07,CH_04
